llm_action,llm_product,llm_quantity
,,0
,,0
,,0
,,0
,,0
,,0
,,0
,,0
,,0
,,0
,,0
,,0
,,0
,,0
,,0
,,0
,,0
,,0
,,0
,,0
,,0
,,0
,,0
,,0
,,0
,,0
,,0
,,0
,,0
,,0
,,0
,,0
,,0
,,0
,,0
,,0
,,0
,,0
,,0
,,0
,,0
,,0
,,0
,,0
,,0
,,0
,,0
,,0
,,0
,,0
,,0
,,0
,,0
,,0
,,0
,,0
,,0
,,0
,,0
,,0
,,0
,,0
,,0
,,0
,,0
,,0
,,0
,,0
,,0
,,0
,,0
,,0
,,0
,,0
,,0
,,0
,,0
,,0
,,0
,,0
,,0
,,0
,,0
,,0
,,0
,,0
,,0
,,0
,,0
,,0
,,0
,,0
,,0
,,0
,,0
,,0
,,0
,,0
,,0
,,0
,,0
,,0
,,0
,,0
,,0
,,0
,,0
,,0
,,0
,,0
,,0
,,0
,,0
,,0
,,0
,,0
,,0
,,0
,,0
,,0
,,0
,,0
,,0
,,0
,,0
,,0
,,0
,,0
,,0
,,0
,,0
,,0
,,0
,,0
,,0
,,0
,,0
,,0
,,0
,,0
,,0
,,0
,,0
,,0
,,0
,,0
,,0
,,0
,,0
,,0
,,0
,,0
,,0
,,0
,,0
,,0
,,0
,,0
,,0
,,0
,,0
,,0
,,0
,,0
,,0
,,0
,,0
,,0
,,0
,,0
,,0
,,0
,,0
,,0
,,0
,,0
,,0
,,0
,,0
,,0
,,0
,,0
,,0
,,0
,,0
,,0
,,0
,,0
,,0
,,0
,,0
,,0
,,0
,,0
,,0
,,0
,,0
,,0
,,0
,,0
,,0
,,0
,,0
,,0
,,0
,,0
,,0
,,0
,,0
,,0
,,0
,,0
,,0
,,0
,,0
,,0
,,0
,,0
,,0
,,0
,,0
,,0
,,0
,,0
,,0
,,0
,,0
,,0
,,0
,,0
,,0
,,0
,,0
,,0
,,0
,,0
,,0
,,0
,,0
,,0
,,0
,,0
,,0
,,0
,,0
,,0
,,0
,,0
,,0
,,0
,,0
,,0
,,0
,,0
,,0
,,0
,,0
,,0
,,0
,,0
,,0
,,0
,,0
,,0
,,0
,,0
,,0
,,0
,,0
,,0
,,0
,,0
,,0
,,0
,,0
,,0
,,0
,,0
,,0
,,0
,,0
,,0
,,0
,,0
,,0
,,0
,,0
,,0
,,0
,,0
,,0
,,0
,,0
,,0
,,0
,,0
,,0
,,0
,,0
,,0
,,0
,,0
,,0
,,0
,,0
,,0
,,0
,,0
,,0
,,0
,,0
,,0
,,0
,,0
,,0
,,0
,,0
,,0
,,0
,,0
,,0
,,0
,,0
,,0
,,0
,,0
,,0
,,0
,,0
,,0
,,0
,,0
,,0
,,0
,,0
,,0
,,0
,,0
,,0
,,0
,,0
,,0
,,0
,,0
,,0
,,0
,,0
,,0
,,0
,,0
,,0
,,0
,,0
,,0
,,0
,,0
,,0
,,0
,,0
,,0
,,0
,,0
,,0
,,0
,,0
,,0
,,0
,,0
,,0
,,0
,,0
,,0
,,0
,,0
,,0
,,0
,,0
,,0
,,0
,,0
,,0
,,0
,,0
,,0
,,0
,,0
,,0
,,0
,,0
,,0
,,0
,,0
,,0
,,0
,,0
,,0
,,0
,,0
,,0
,,0
,,0
,,0
,,0
,,0
,,0
,,0
,,0
,,0
,,0
,,0
,,0
,,0
,,0
,,0
,,0
,,0
,,0
,,0
,,0
,,0
,,0
,,0
,,0
,,0
,,0
,,0
,,0
,,0
,,0
,,0
,,0
,,0
,,0
,,0
,,0
,,0
,,0
,,0
,,0
,,0
,,0
,,0
,,0
,,0
,,0
,,0
,,0
,,0
,,0
,,0
,,0
,,0
,,0
,,0
,,0
,,0
,,0
,,0
,,0
,,0
,,0
,,0
,,0
,,0
,,0
,,0
,,0
,,0
,,0
,,0
,,0
,,0
,,0
,,0
,,0
,,0
,,0
,,0
,,0
,,0
,,0
,,0
,,0
,,0
,,0
,,0
,,0
,,0
,,0
,,0
,,0
,,0
,,0
,,0
,,0
,,0
,,0
,,0
,,0
,,0
,,0
,,0
,,0
,,0
,,0
,,0
,,0
,,0
,,0
,,0
,,0
,,0
,,0
,,0
,,0
,,0
,,0
,,0
,,0
,,0
,,0
,,0
,,0
,,0
,,0
,,0
,,0
,,0
,,0
,,0
,,0
,,0
,,0
,,0
,,0
,,0
,,0
,,0
,,0
,,0
,,0
,,0
,,0
,,0
,,0
,,0
,,0
,,0
,,0
,,0
,,0
,,0
,,0
,,0
,,0
,,0
,,0
,,0
,,0
,,0
,,0
,,0
,,0
,,0
,,0
,,0
,,0
,,0
,,0
,,0
,,0
,,0
,,0
,,0
,,0
,,0
,,0
,,0
,,0
,,0
,,0
,,0
,,0
,,0
,,0
,,0
,,0
,,0
,,0
,,0
,,0
,,0
,,0
,,0
,,0
,,0
,,0
,,0
,,0
,,0
,,0
,,0
,,0
,,0
,,0
,,0
,,0
,,0
,,0
,,0
,,0
,,0
,,0
,,0
,,0
,,0
,,0
,,0
,,0
,,0
,,0
,,0
,,0
,,0
,,0
,,0
,,0
,,0
,,0
,,0
,,0
,,0
,,0
,,0
,,0
,,0
,,0
,,0
,,0
,,0
,,0
,,0
,,0
,,0
,,0
,,0
,,0
,,0
,,0
,,0
,,0
,,0
,,0
,,0
,,0
,,0
,,0
,,0
,,0
,,0
,,0
,,0
,,0
,,0
,,0
,,0
,,0
,,0
,,0
,,0
,,0
,,0
,,0
,,0
,,0
,,0
,,0
,,0
,,0
,,0
,,0
,,0
,,0
,,0
,,0
,,0
,,0
,,0
,,0
,,0
,,0
,,0
,,0
,,0
,,0
,,0
,,0
,,0
,,0
,,0
,,0
,,0
,,0
,,0
,,0
,,0
,,0
,,0
,,0
,,0
,,0
,,0
,,0
,,0
,,0
,,0
,,0
,,0
,,0
,,0
,,0
,,0
,,0
,,0
,,0
,,0
,,0
,,0
,,0
,,0
,,0
,,0
,,0
,,0
,,0
,,0
,,0
,,0
,,0
,,0
,,0
,,0
,,0
,,0
,,0
,,0
,,0
,,0
,,0
,,0
,,0
,,0
,,0
,,0
,,0
,,0
,,0
,,0
,,0
,,0
,,0
,,0
,,0
,,0
,,0
,,0
,,0
,,0
,,0
,,0
,,0
,,0
,,0
,,0
,,0
,,0
,,0
,,0
,,0
,,0
,,0
,,0
,,0
,,0
,,0
,,0
,,0
,,0
,,0
,,0
,,0
,,0
,,0
,,0
,,0
,,0
,,0
,,0
,,0
,,0
,,0
,,0
,,0
,,0
,,0
,,0
,,0
,,0
,,0
,,0
,,0
,,0
,,0
,,0
,,0
,,0
,,0
,,0
,,0
,,0
,,0
,,0
,,0
,,0
,,0
,,0
,,0
,,0
,,0
,,0
,,0
,,0
,,0
,,0
,,0
,,0
,,0
,,0
,,0
,,0
,,0
,,0
,,0
,,0
,,0
,,0
,,0
,,0
,,0
,,0
,,0
,,0
,,0
,,0
,,0
,,0
,,0
,,0
,,0
,,0
,,0
,,0
,,0
,,0
,,0
,,0
,,0
,,0
,,0
,,0
,,0
,,0
,,0
,,0
,,0
,,0
,,0
,,0
,,0
,,0
,,0
,,0
,,0
,,0
,,0
,,0
,,0
,,0
,,0
,,0
,,0
,,0
,,0
,,0
,,0
,,0
,,0
,,0
,,0
,,0
,,0
,,0
,,0
,,0
,,0
,,0
,,0
,,0
,,0
,,0
,,0
,,0
,,0
,,0
,,0
,,0
,,0
,,0
,,0
,,0
,,0
,,0
,,0
,,0
,,0
,,0
,,0
,,0
,,0
,,0
,,0
,,0
,,0
,,0
,,0
,,0
,,0
,,0
,,0
,,0
,,0
,,0
,,0
,,0
,,0
,,0
,,0
,,0
,,0
,,0
,,0
,,0
,,0
,,0
,,0
,,0
,,0
,,0
,,0
,,0
,,0
,,0
,,0
,,0
,,0
,,0
,,0
,,0
,,0
,,0
,,0
,,0
,,0
,,0
,,0
,,0
,,0
,,0
,,0
,,0
,,0
,,0
,,0
,,0
,,0
,,0
,,0
,,0
,,0
,,0
,,0
,,0
,,0
,,0
,,0
,,0
,,0
,,0
,,0
,,0
,,0
,,0
,,0
,,0
,,0
,,0
,,0
,,0
,,0
,,0
,,0
,,0
,,0
,,0
,,0
,,0
,,0
,,0
,,0
,,0
,,0
,,0
,,0
,,0
,,0
,,0
,,0
,,0
,,0
,,0
,,0
,,0
,,0
,,0
,,0
,,0
,,0
,,0
,,0
,,0
,,0
,,0
,,0
,,0
,,0
,,0
,,0
,,0
,,0
,,0
,,0
,,0
,,0
,,0
,,0
,,0
,,0
,,0
,,0
,,0
,,0
,,0
,,0
,,0
,,0
,,0
,,0
,,0
,,0
,,0
,,0
,,0
,,0
,,0
,,0
,,0
,,0
,,0
,,0
,,0
,,0
,,0
,,0
,,0
,,0
,,0
,,0
,,0
,,0
,,0
,,0
,,0
,,0
,,0
,,0
,,0
,,0
,,0
,,0
,,0
,,0
,,0
,,0
,,0
,,0
,,0
,,0
,,0
,,0
,,0
,,0
,,0
,,0
,,0
,,0
,,0
,,0
,,0
,,0
,,0
,,0
,,0
,,0
,,0
,,0
,,0
,,0
,,0
,,0
,,0
,,0
,,0
,,0
,,0
,,0
,,0
,,0
,,0
,,0
,,0
,,0
,,0
,,0
,,0
,,0
,,0
,,0
,,0
,,0
,,0
,,0
,,0
,,0
,,0
,,0
,,0
,,0
,,0
,,0
,,0
,,0
,,0
,,0
,,0
,,0
,,0
,,0
,,0
,,0
,,0
,,0
,,0
,,0
,,0
,,0
,,0
,,0
,,0
,,0
,,0
,,0
,,0
,,0
,,0
,,0
,,0
,,0
,,0
,,0
,,0
,,0
,,0
,,0
,,0
,,0
,,0
,,0
,,0
,,0
,,0
,,0
,,0
,,0
,,0
,,0
,,0
,,0
,,0
,,0
,,0
,,0
,,0
,,0
,,0
,,0
,,0
,,0
,,0
,,0
,,0
,,0
,,0
,,0
,,0
,,0
,,0
,,0
,,0
,,0
,,0
,,0
,,0
,,0
,,0
,,0
,,0
,,0
,,0
,,0
,,0
,,0
,,0
,,0
,,0
,,0
,,0
,,0
,,0
,,0
,,0
,,0
,,0
,,0
,,0
,,0
,,0
,,0
,,0
,,0
,,0
,,0
,,0
,,0
,,0
,,0
,,0
,,0
,,0
,,0
,,0
,,0
,,0
,,0
,,0
,,0
,,0
,,0
,,0
,,0
,,0
,,0
,,0
,,0
,,0
,,0
,,0
,,0
,,0
,,0
,,0
,,0
,,0
,,0
,,0
,,0
,,0
,,0
,,0
,,0
,,0
,,0
,,0
,,0
,,0
,,0
,,0
,,0
,,0
,,0
,,0
,,0
,,0
,,0
,,0
,,0
,,0
,,0
,,0
,,0
,,0
,,0
,,0
,,0
,,0
,,0
,,0
,,0
,,0
,,0
,,0
,,0
,,0
,,0
,,0
,,0
,,0
,,0
,,0
,,0
,,0
,,0
,,0
,,0
,,0
,,0
,,0
,,0
,,0
,,0
,,0
,,0
,,0
,,0
,,0
,,0
,,0
,,0
,,0
,,0
,,0
,,0
,,0
,,0
,,0
,,0
,,0
,,0
,,0
,,0
,,0
,,0
,,0
,,0
,,0
,,0
,,0
,,0
,,0
,,0
,,0
,,0
,,0
,,0
,,0
,,0
,,0
,,0
,,0
,,0
,,0
,,0
,,0
,,0
,,0
,,0
,,0
,,0
,,0
,,0
,,0
,,0
,,0
,,0
,,0
,,0
,,0
,,0
,,0
,,0
,,0
,,0
,,0
,,0
,,0
,,0
,,0
,,0
,,0
,,0
,,0
,,0
,,0
,,0
,,0
,,0
,,0
,,0
,,0
,,0
,,0
,,0
,,0
,,0
,,0
,,0
,,0
,,0
,,0
,,0
,,0
,,0
,,0
,,0
,,0
,,0
,,0
,,0
,,0
,,0
,,0
,,0
,,0
,,0
,,0
,,0
,,0
,,0
,,0
,,0
,,0
,,0
,,0
,,0
,,0
,,0
,,0
,,0
,,0
,,0
,,0
,,0
,,0
,,0
,,0
,,0
,,0
,,0
,,0
,,0
,,0
,,0
,,0
,,0
,,0
,,0
,,0
,,0
,,0
,,0
,,0
,,0
,,0
,,0
,,0
,,0
,,0
,,0
,,0
,,0
,,0
,,0
,,0
,,0
,,0
,,0
,,0
,,0
,,0
,,0
,,0
,,0
,,0
,,0
,,0
,,0
,,0
,,0
,,0
,,0
,,0
,,0
,,0
,,0
,,0
,,0
,,0
,,0
,,0
,,0
,,0
,,0
,,0
,,0
,,0
,,0
,,0
,,0
,,0
,,0
,,0
,,0
,,0
,,0
,,0
,,0
,,0
,,0
,,0
,,0
,,0
,,0
,,0
,,0
,,0
,,0
,,0
,,0
,,0
,,0
,,0
,,0
,,0
,,0
,,0
,,0
,,0
,,0
,,0
,,0
,,0
,,0
,,0
,,0
,,0
,,0
,,0
,,0
,,0
,,0
,,0
,,0
,,0
,,0
,,0
,,0
,,0
,,0
,,0
,,0
,,0
,,0
,,0
,,0
,,0
,,0
,,0
,,0
,,0
,,0
,,0
,,0
,,0
,,0
,,0
,,0
,,0
,,0
,,0
,,0
,,0
,,0
,,0
,,0
,,0
,,0
,,0
,,0
,,0
,,0
,,0
,,0
,,0
,,0
,,0
,,0
,,0
,,0
,,0
,,0
,,0
,,0
,,0
,,0
,,0
,,0
,,0
,,0
,,0
,,0
,,0
,,0
,,0
,,0
,,0
,,0
,,0
,,0
,,0
,,0
,,0
,,0
,,0
,,0
,,0
,,0
,,0
,,0
,,0
,,0
,,0
,,0
,,0
,,0
,,0
,,0
,,0
,,0
,,0
,,0
,,0
,,0
,,0
,,0
,,0
,,0
,,0
,,0
,,0
,,0
,,0
,,0
,,0
,,0
,,0
,,0
,,0
,,0
,,0
,,0
,,0
,,0
,,0
,,0
,,0
,,0
,,0
,,0
,,0
,,0
,,0
,,0
,,0
,,0
,,0
,,0
,,0
,,0
,,0
,,0
,,0
,,0
,,0
,,0
,,0
,,0
,,0
,,0
,,0
,,0
,,0
,,0
,,0
,,0
,,0
,,0
,,0
,,0
,,0
,,0
,,0
,,0
,,0
,,0
,,0
,,0
,,0
,,0
,,0
,,0
,,0
,,0
,,0
,,0
,,0
,,0
,,0
,,0
,,0
,,0
,,0
,,0
,,0
,,0
,,0
,,0
,,0
,,0
,,0
,,0
,,0
,,0
,,0
,,0
,,0
,,0
,,0
,,0
,,0
,,0
,,0
,,0
,,0
,,0
,,0
,,0
,,0
,,0
,,0
,,0
,,0
,,0
,,0
,,0
,,0
,,0
,,0
,,0
,,0
,,0
,,0
,,0
,,0
,,0
,,0
,,0
,,0
,,0
,,0
,,0
,,0
,,0
,,0
,,0
,,0
,,0
,,0
,,0
,,0
,,0
,,0
,,0
,,0
,,0
,,0
,,0
,,0
,,0
,,0
,,0
,,0
,,0
,,0
,,0
,,0
,,0
,,0
,,0
,,0
,,0
,,0
,,0
,,0
,,0
,,0
,,0
,,0
,,0
,,0
,,0
,,0
,,0
,,0
,,0
,,0
,,0
,,0
,,0
,,0
,,0
,,0
,,0
,,0
,,0
,,0
,,0
,,0
,,0
,,0
,,0
,,0
,,0
,,0
,,0
,,0
,,0
,,0
,,0
,,0
,,0
,,0
,,0
,,0
,,0
,,0
,,0
,,0
,,0
,,0
,,0
,,0
,,0
,,0
,,0
,,0
,,0
,,0
,,0
,,0
,,0
,,0
,,0
,,0
,,0
,,0
,,0
,,0
,,0
,,0
,,0
,,0
,,0
,,0
,,0
,,0
,,0
,,0
,,0
,,0
,,0
,,0
,,0
,,0
,,0
,,0
,,0
,,0
,,0
,,0
,,0
,,0
,,0
,,0
,,0
,,0
,,0
,,0
,,0
,,0
,,0
,,0
,,0
,,0
,,0
,,0
,,0
,,0
,,0
,,0
,,0
,,0
,,0
,,0
,,0
,,0
,,0
,,0
,,0
,,0
,,0
,,0
,,0
,,0
,,0
,,0
,,0
,,0
,,0
,,0
,,0
,,0
,,0
,,0
,,0
,,0
,,0
,,0
,,0
,,0
,,0
,,0
,,0
,,0
,,0
,,0
,,0
,,0
,,0
,,0
,,0
,,0
,,0
,,0
,,0
,,0
,,0
,,0
,,0
,,0
,,0
,,0
,,0
,,0
,,0
,,0
,,0
,,0
,,0
,,0
,,0
,,0
